title,id,track url,img url,artists,danceability,energy,valence,tempo,loudness
2020 Freestyle,48qzRaJRC3ZweZJmBZ2yoM,https://open.spotify.com/track/48qzRaJRC3ZweZJmBZ2yoM,https://i.scdn.co/image/ab67616d0000b273f08362fcb5effb6321d209ad,['Big Homie Prez'],0.714,0.388,0.181,135.171,-13.02
driveway,0OlYle8Y5Vs7bk1A9wydmY,https://open.spotify.com/track/0OlYle8Y5Vs7bk1A9wydmY,https://i.scdn.co/image/ab67616d0000b2739b2e563fae0760bdbaea8c22,['Lil Peep'],0.392,0.499,0.232,135.551,-6.997
Broken Glass,78ldtCaBRJVp2i91B715L0,https://open.spotify.com/track/78ldtCaBRJVp2i91B715L0,https://i.scdn.co/image/ab67616d0000b27380368f0aa8f90c51674f9dd2,"['Kygo', 'Kim Petras']",0.526,0.633,0.272,171.044,-7.002
Moonwalking in Calabasas,73xjJ1TIE6WP3HNKczQE4F,https://open.spotify.com/track/73xjJ1TIE6WP3HNKczQE4F,https://i.scdn.co/image/ab67616d0000b2739ea849484864329633574323,['DDG'],0.915,0.37,0.736,130.033,-8.696
Pumpkins Scream In the Dead of Night (feat. shinigami),3sdYpdTTn4fdfu4cyisnt0,https://open.spotify.com/track/3sdYpdTTn4fdfu4cyisnt0,https://i.scdn.co/image/ab67616d0000b27308f8dfa386268f7116f999c8,"['Savage Ga$p', '93FEETOFSMOKE', 'shinigami']",0.816,0.577,0.459,171.028,-5.998
no eres tu(soy yo),6vOQUrwsokMFDQLbgRDhV8,https://open.spotify.com/track/6vOQUrwsokMFDQLbgRDhV8,https://i.scdn.co/image/ab67616d0000b273044a5466dac00f7b3c570b99,['Kali Uchis'],0.831,0.474,0.35,149.003,-7.987
"Life Is Good (feat. Drake, DaBaby & Lil Baby) - Remix",4iiWcajF1fEUpwcUewc464,https://open.spotify.com/track/4iiWcajF1fEUpwcUewc464,https://i.scdn.co/image/ab67616d0000b2734df9c60aa74fb72c1e07fd1d,"['Future', 'DaBaby', 'Drake', 'Lil Baby']",0.81,0.566,0.582,142.069,-8.33
No Sucker (feat. Moneybagg Yo),6A9wHAasMxed0firnDao1K,https://open.spotify.com/track/6A9wHAasMxed0firnDao1K,https://i.scdn.co/image/ab67616d0000b273f46a9ad551acbdab8f72fd89,"['Lil Baby', 'Moneybagg Yo']",0.9,0.846,0.851,129.966,-4.884
Line Em Up (feat. Busta Rhymes),7ANZw7sZYlCBXKMAJjQGTs,https://open.spotify.com/track/7ANZw7sZYlCBXKMAJjQGTs,https://i.scdn.co/image/ab67616d0000b273fc20c5dacda34b8609bcbe78,"['Russ', 'Busta Rhymes']",0.745,0.77,0.816,74.363,-6.126
One Margarita,1Y3TlYJNhIa7k4YAvFkJAB,https://open.spotify.com/track/1Y3TlYJNhIa7k4YAvFkJAB,https://i.scdn.co/image/ab67616d0000b2734768480cf7c817b1f2d12113,['Luke Bryan'],0.641,0.842,0.738,89.997,-4.872
kiss kiss,69LvvkHnFFnX3d5eNObtMo,https://open.spotify.com/track/69LvvkHnFFnX3d5eNObtMo,https://i.scdn.co/image/ab67616d0000b273d4d4929a3a86fe2f9fadbd42,['Machine Gun Kelly'],0.569,0.85,0.769,162.061,-5.134
Painless 2 (with NAV feat. Lil Durk),71Ih7wOeWd2EJxKi77Yiqi,https://open.spotify.com/track/71Ih7wOeWd2EJxKi77Yiqi,https://i.scdn.co/image/ab67616d0000b273bcd51777aaec605cad0b3091,"['J.I the Prince of N.Y', 'NAV', 'Lil Durk']",0.714,0.436,0.535,138.035,-8.938
Old Me,58qO4dGa5SgNdtvqvpewyz,https://open.spotify.com/track/58qO4dGa5SgNdtvqvpewyz,https://i.scdn.co/image/ab67616d0000b273726005f0f81903e157d9dbc7,['5 Seconds of Summer'],0.722,0.62,0.474,127.978,-3.639
Who You Are To Me (feat. Lady A),1L4MQJhKyrw0XiF0n0C2hL,https://open.spotify.com/track/1L4MQJhKyrw0XiF0n0C2hL,https://i.scdn.co/image/ab67616d0000b273baf7db7222e9a65afe1bf142,"['Chris Tomlin', 'Lady A']",0.586,0.791,0.305,96.033,-4.761
For The Night (feat. Lil Baby & DaBaby),0PvFJmanyNQMseIFrU708S,https://open.spotify.com/track/0PvFJmanyNQMseIFrU708S,https://i.scdn.co/image/ab67616d0000b27377ada0863603903f57b34369,"['Pop Smoke', 'Lil Baby', 'DaBaby']",0.823,0.586,0.347,125.971,-6.606
Untitled (How Does It Feel),6ALoVRxwV5KxaSWyejnmvi,https://open.spotify.com/track/6ALoVRxwV5KxaSWyejnmvi,https://i.scdn.co/image/ab67616d0000b2730043fb835eab4610758979a3,['Giveon'],0.347,0.331,0.305,147.741,-8.052
Gucci Bucket Hat,0DaMA9Qeod1l8d6kmEq4Ay,https://open.spotify.com/track/0DaMA9Qeod1l8d6kmEq4Ay,https://i.scdn.co/image/ab67616d0000b27365b668c279a7c4ee1ac025ac,"['Pap Chanel', 'Future', 'Herion Young']",0.929,0.679,0.598,94.501,-5.877
Stay,7wGoRwE6MZnm9flIMKWPul,https://open.spotify.com/track/7wGoRwE6MZnm9flIMKWPul,https://i.scdn.co/image/ab67616d0000b2733b611e133f726cec443ad155,"['Cheat Codes', 'Bryce Vine']",0.63,0.784,0.451,92.001,-5.175
P FKN R,0fgsKar6uBO08vzHXkTjWi,https://open.spotify.com/track/0fgsKar6uBO08vzHXkTjWi,https://i.scdn.co/image/ab67616d0000b273548f7ec52da7313de0c5e4a0,"['Bad Bunny', 'Kendo Kaponi', 'Arcangel']",0.82,0.635,0.528,101.024,-5.749
Down,3tLhjMOfbdRGQNudmIABp4,https://open.spotify.com/track/3tLhjMOfbdRGQNudmIABp4,https://i.scdn.co/image/ab67616d0000b2738bdc36a2fc9246daca976b1c,"['G-Eazy', 'Mulatto']",0.797,0.853,0.595,98.043,-4.269
Freak (feat. Quavo),4bMQRUKsiELewtb3tzdFQn,https://open.spotify.com/track/4bMQRUKsiELewtb3tzdFQn,https://i.scdn.co/image/ab67616d0000b2739b6cff14d6cdf4b6a2be3a4f,"['Ty Dolla $ign', 'Quavo']",0.794,0.683,0.495,154.109,-6.842
Morado,35KmOEIUqAGn02t7n4qaIr,https://open.spotify.com/track/35KmOEIUqAGn02t7n4qaIr,https://i.scdn.co/image/ab67616d0000b27335692baca45542527d742d0d,['J Balvin'],0.881,0.696,0.781,97.002,-3.838
Only You Freestyle,4OENnoidV0h8gJV6bhrw7r,https://open.spotify.com/track/4OENnoidV0h8gJV6bhrw7r,https://i.scdn.co/image/ab67616d0000b27395716719bcb760795a0c15bf,"['Headie One', 'Drake']",0.68,0.826,0.804,146.95,-2.561
DDLG,42dtq3bqOCzD0L2kITk4Dp,https://open.spotify.com/track/42dtq3bqOCzD0L2kITk4Dp,https://i.scdn.co/image/ab67616d0000b273b3781f16f967b439a44334c0,['ppcocaine'],0.906,0.388,0.4,139.983,-10.922
Kick You When You're Down,0Kq6RzOqkHxnfiA9OGqReU,https://open.spotify.com/track/0Kq6RzOqkHxnfiA9OGqReU,https://i.scdn.co/image/ab67616d0000b27304db0e3bcd166c1d6cfd81f9,['AC/DC'],0.675,0.93,0.778,110.013,-4.515
Free (with Drew Love),6wjm92jBZapfiplQS4XV0X,https://open.spotify.com/track/6wjm92jBZapfiplQS4XV0X,https://i.scdn.co/image/ab67616d0000b273d0c97444ecc52c4ca601144a,"['Louis The Child', 'Drew Love']",0.651,0.564,0.153,124.99,-6.64
Inside Friend (feat. John Mayer),4ehkZtzPTbjsRULRfQSWYu,https://open.spotify.com/track/4ehkZtzPTbjsRULRfQSWYu,https://i.scdn.co/image/ab67616d0000b273dc4f9aa0582a986dd0a211ee,"['Leon Bridges', 'John Mayer']",0.693,0.259,0.361,88.972,-7.918
BOOTY CALL (skit),2fLfobBrRNolLyE3J5xcOG,https://open.spotify.com/track/2fLfobBrRNolLyE3J5xcOG,https://i.scdn.co/image/ab67616d0000b273b4d59e6fa7e5e7cbc57ac33a,['The Kid LAROI'],0.773,0.398,0.556,56.284,-11.494
la luz(F??n),7ID0n0zq1GQOQurMtPFPeH,https://open.spotify.com/track/7ID0n0zq1GQOQurMtPFPeH,https://i.scdn.co/image/ab67616d0000b273b44e3e6da3856f62cc111f11,"['Kali Uchis', 'Jhay Cortez']",0.732,0.457,0.58,166.012,-8.215
Heavy Rain & Gentle Thunder,0ZHTPz5fqG9mAqqdMPCaQ6,https://open.spotify.com/track/0ZHTPz5fqG9mAqqdMPCaQ6,https://i.scdn.co/image/ab67616d0000b273454ffc4fde677a25e40974f1,['Epic Soundscapes'],0.123,0.766,0.00413,98.164,-20.62
Dirty Stick,0nEWVyeYLtIi3JUHpASGiU,https://open.spotify.com/track/0nEWVyeYLtIi3JUHpASGiU,https://i.scdn.co/image/ab67616d0000b2738bd6e34012a7ab6311050d0c,['YoungBoy Never Broke Again'],0.614,0.789,0.349,106.704,-4.859
Tentacion,1dccdhKRYUcjPVdMGjRQ1H,https://open.spotify.com/track/1dccdhKRYUcjPVdMGjRQ1H,https://i.scdn.co/image/ab67616d0000b2733e59459508943946907ad74f,['Eslabon Armado'],0.613,0.537,0.796,104.629,-8.298
King Of The Fall,7o3Mcis1uKcYDuuJD1W0Rm,https://open.spotify.com/track/7o3Mcis1uKcYDuuJD1W0Rm,https://i.scdn.co/image/ab67616d0000b273f60419f5fa7a022ddece0809,['The Weeknd'],0.585,0.757,0.208,78.018,-4.752
Don't Say Goodbye (feat. Tove Lo),0GTPmh5G40joBg93vcSQNq,https://open.spotify.com/track/0GTPmh5G40joBg93vcSQNq,https://i.scdn.co/image/ab67616d0000b27335948e3f4bd52518dd35cd78,"['Alok', 'Ilkay Sencan', 'Tove Lo']",0.698,0.719,0.364,120.062,-4.923
Animals,5ofoB8PFmocBXFBEWVb6Vz,https://open.spotify.com/track/5ofoB8PFmocBXFBEWVb6Vz,https://i.scdn.co/image/ab67616d0000b273c78b2edbc9407cea20ccfb9f,['Architects'],0.532,0.759,0.293,95.01,-3.842
Stay Ur Distance,3GXDBeiF8ATGHJNWLinWAA,https://open.spotify.com/track/3GXDBeiF8ATGHJNWLinWAA,https://i.scdn.co/image/ab67616d0000b27349cceebf80043d11ae6e2ae8,['Yo Gotti'],0.832,0.611,0.682,139.933,-7.337
Tooka,4wpYhmLPVaPiSGLZmgPoW0,https://open.spotify.com/track/4wpYhmLPVaPiSGLZmgPoW0,https://i.scdn.co/image/ab67616d0000b273df06644c13c02fc2ec4311f0,"['GirlzLuhDev', 'DACHINC']",0.82,0.555,0.554,103.039,-7.114
Alone,32gSPav2xqFylAeCjJCxWi,https://open.spotify.com/track/32gSPav2xqFylAeCjJCxWi,https://i.scdn.co/image/ab67616d0000b273a634315c0933da0738340776,['Night Lovell'],0.829,0.609,0.696,143.97,-10.008
Boyfriend,5EBtY2shIV1vmY4bnvvV6T,https://open.spotify.com/track/5EBtY2shIV1vmY4bnvvV6T,https://i.scdn.co/image/ab67616d0000b27359e699338051e7fec4f2139a,['Selena Gomez'],0.811,0.512,0.346,92.046,-6.381
MORE,6juLaduD4STCUDWT0AYun4,https://open.spotify.com/track/6juLaduD4STCUDWT0AYun4,https://i.scdn.co/image/ab67616d0000b273f5aba3392389512e824d7b2a,"['K/DA', 'Madison Beer', '(G)I-DLE', 'Lexie Liu', 'Jaira Burns', 'Seraphine', 'League of Legends']",0.66,0.787,0.199,142.018,-4.592
The Blessing,5O306r2a9Nl7rm5ZlaTqka,https://open.spotify.com/track/5O306r2a9Nl7rm5ZlaTqka,https://i.scdn.co/image/ab67616d0000b273306cfe9dadd57889201c3384,"['Kari Jobe', 'Cody Carnes']",0.367,0.463,0.187,139.996,-7.638
homecoming queen?,1ytCra0qH6gcHnCVQwREvu,https://open.spotify.com/track/1ytCra0qH6gcHnCVQwREvu,https://i.scdn.co/image/ab67616d0000b2739b166795e8069959a5c2645b,['Kelsea Ballerini'],0.462,0.512,0.29,114.014,-5.443
Shotta Flow 5,6pOpsuCxYF1cuRkHBPDigj,https://open.spotify.com/track/6pOpsuCxYF1cuRkHBPDigj,https://i.scdn.co/image/ab67616d0000b2738e2ebc51140aa8e41d3d4406,['NLE Choppa'],0.806,0.749,0.77,140.032,-5.268
title track,4kDgnKgZTX6puRz9EoNjle,https://open.spotify.com/track/4kDgnKgZTX6puRz9EoNjle,https://i.scdn.co/image/ab67616d0000b273d4d4929a3a86fe2f9fadbd42,['Machine Gun Kelly'],0.268,0.829,0.351,199.886,-5.17
Amor T??xico,6nhP8cyHiRwHFjgT7s0Yow,https://open.spotify.com/track/6nhP8cyHiRwHFjgT7s0Yow,https://i.scdn.co/image/ab67616d0000b2734aa12540983a04db2ab5a561,['Christian Nodal'],0.607,0.548,0.827,150.189,-3.453
if we never met (feat. Kelsea Ballerini),5vDA0WiwxOzj4AJDKDl1Bz,https://open.spotify.com/track/5vDA0WiwxOzj4AJDKDl1Bz,https://i.scdn.co/image/ab67616d0000b27332db4a1bfc362abd17ab1c18,"['John K', 'Kelsea Ballerini']",0.957,0.365,0.355,107.967,-7.632
Smile,59s3aMqR9uOzLIXAcgBCEm,https://open.spotify.com/track/59s3aMqR9uOzLIXAcgBCEm,https://i.scdn.co/image/ab67616d0000b2735ebe6cbd74a47a5e8ea88985,['Katy Perry'],0.783,0.912,0.749,98.025,-3.713
Relentless,1F8yKtk5CQBptos4kM7aO7,https://open.spotify.com/track/1F8yKtk5CQBptos4kM7aO7,https://i.scdn.co/image/ab67616d0000b273339f780dfdbc38558ea0761d,['Polo G'],0.763,0.558,0.276,77.026,-5.506
Ride,0c5qAIcNy3jNIxmZXllp4V,https://open.spotify.com/track/0c5qAIcNy3jNIxmZXllp4V,https://i.scdn.co/image/ab67616d0000b273429d4b3d9261b9ccc24d7d36,['King Von'],0.596,0.594,0.354,161.985,-7.309
Unaccommodating (feat. Young M.A),0q2vG0UVuy6ajjcpkQHdZM,https://open.spotify.com/track/0q2vG0UVuy6ajjcpkQHdZM,https://i.scdn.co/image/ab67616d0000b2732f44aec83b20e40f3baef73c,"['Eminem', 'Young M.A']",0.852,0.752,0.389,89.95,-5.793
Big Drip,3hbZsQXQNbPMBmgI7O0CTv,https://open.spotify.com/track/3hbZsQXQNbPMBmgI7O0CTv,https://i.scdn.co/image/ab67616d0000b273d5d1cc65dfc6163a8bcfaf80,['Fivio Foreign'],0.814,0.659,0.464,139.956,-6.453
Perreo Pesau',5bQ9rtAfOUbPmuxjPK8zDp,https://open.spotify.com/track/5bQ9rtAfOUbPmuxjPK8zDp,https://i.scdn.co/image/ab67616d0000b2733926e048d839e1173fe17326,['Rauw Alejandro'],0.732,0.679,0.443,171.887,-3.068
Pray,4zcVQvCRJRafP6JtLGyy7R,https://open.spotify.com/track/4zcVQvCRJRafP6JtLGyy7R,https://i.scdn.co/image/ab67616d0000b273ddae2b21035c94d641a9a568,['jxdn'],0.552,0.333,0.274,139.657,-7.836
Aye Dekhe Jaa,64MEUAwq1IcMYJTxL6ZiGP,https://open.spotify.com/track/64MEUAwq1IcMYJTxL6ZiGP,https://i.scdn.co/image/ab67616d0000b2733b834a828ae5c021bf98d284,['Arijit Singh'],0.472,0.637,0.282,135.858,-4.871
Good Morning,3jKL28PBT47f9FTn9KvfwR,https://open.spotify.com/track/3jKL28PBT47f9FTn9KvfwR,https://i.scdn.co/image/ab67616d0000b273d9e1e8811360d855de6c345c,['Trippie Redd'],0.768,0.646,0.598,143.047,-7.436
Tomar Dyakha Naai,6UKui9Z8rP2IXqT64h9Nef,https://open.spotify.com/track/6UKui9Z8rP2IXqT64h9Nef,https://i.scdn.co/image/ab67616d0000b273149dd3cae2bff0373c7f890a,['Arijit Singh'],0.637,0.892,0.536,104.004,-5.477
Egiye De Reprise,5A1HCvDf8OtZHrW8cLMno7,https://open.spotify.com/track/5A1HCvDf8OtZHrW8cLMno7,https://i.scdn.co/image/ab67616d0000b273c0689f1042ce209bbd0aed36,['Arijit Singh'],0.571,0.534,0.395,82.023,-6.646
Shudhu Tomari Jonyo Theme,0y5YLvtSNENpc1TjNdBCQ9,https://open.spotify.com/track/0y5YLvtSNENpc1TjNdBCQ9,https://i.scdn.co/image/ab67616d0000b273591ad0bdeb66383380b909b0,"['Arijit Singh', 'Shreya Ghoshal']",0.457,0.595,0.468,143.703,-5.223
Hoye Jetey Paari,34XVNH2HVO4SYowtmxLqrv,https://open.spotify.com/track/34XVNH2HVO4SYowtmxLqrv,https://i.scdn.co/image/ab67616d0000b273a7a021a311bda41ac58d9d39,['Arijit Singh'],0.693,0.725,0.185,123.959,-6.426
Jodi Bolo,0JZcsm8isRWWkuUintR326,https://open.spotify.com/track/0JZcsm8isRWWkuUintR326,https://i.scdn.co/image/ab67616d0000b273807999c7296391c7cf0c2749,['Arijit Singh'],0.42,0.682,0.394,112.009,-6.565
"Nacchite Ye Panaina (From ""Dohchay"")",2toWUWC2dFY32gfUi6c6Ay,https://open.spotify.com/track/2toWUWC2dFY32gfUi6c6Ay,https://i.scdn.co/image/ab67616d0000b273f54c745fe55e6b23cbbfdfed,['Arijit Singh'],0.654,0.713,0.548,134.985,-7.566
Trillionaire (feat. Youngboy Never Broke Again),740kQ8xwSGloumdiKR5Cwz,https://open.spotify.com/track/740kQ8xwSGloumdiKR5Cwz,https://i.scdn.co/image/ab67616d0000b273935d8d5369bc55e74a39303e,"['Future', 'YoungBoy Never Broke Again']",0.768,0.526,0.473,139.999,-7.182
Mannequin (feat. Lil Tjay),5eJpwQyirY5EEdNadHKRAM,https://open.spotify.com/track/5eJpwQyirY5EEdNadHKRAM,https://i.scdn.co/image/ab67616d0000b27362a57823eced1cb4fd93b2c1,"['Pop Smoke', 'Lil Tjay']",0.683,0.799,0.752,145.128,-5.923
Reply (feat. Lil Uzi Vert),1njRzdfGNUY2RZU0lVO787,https://open.spotify.com/track/1njRzdfGNUY2RZU0lVO787,https://i.scdn.co/image/ab67616d0000b2731072a34d8c8d75e9b2545d8a,"['A Boogie Wit da Hoodie', 'Lil Uzi Vert']",0.512,0.623,0.219,112.15,-6.553
So Serious,1nedyHXLtbomGOaa7BOwYl,https://open.spotify.com/track/1nedyHXLtbomGOaa7BOwYl,https://i.scdn.co/image/ab67616d0000b2730d1f3930676c34a23dbf5c46,['Sam Smith'],0.568,0.519,0.38,91.892,-6.232
Kitzbuhel Mild Rain And Thunder 2 Redux - Redux,7y19aIuU0rRw4290rke252,https://open.spotify.com/track/7y19aIuU0rRw4290rke252,https://i.scdn.co/image/ab67616d0000b273421d2cc8d0e9096fe60e08a1,['The Alpinist'],0.0788,0.71,0.0065,84.75,-22.824
SAD - Imanbek xxx Remix,4x5ymi4akay9Fq5Xm1PW3E,https://open.spotify.com/track/4x5ymi4akay9Fq5Xm1PW3E,https://i.scdn.co/image/ab67616d0000b273c64869b1cf834c228839f25b,"['Rasster', 'Erin Bloomer', 'Imanbek']",0.746,0.757,0.499,124.992,-6.078
Celebration Station,25B5fGr9K0VdZJiRFsnMO4,https://open.spotify.com/track/25B5fGr9K0VdZJiRFsnMO4,https://i.scdn.co/image/ab67616d0000b27309969f5c11a466d0e459286a,['Lil Uzi Vert'],0.748,0.771,0.792,142.086,-4.156
All Bad (feat. Lil Uzi Vert),021lWIHJrURZrmvYQ1xcM8,https://open.spotify.com/track/021lWIHJrURZrmvYQ1xcM8,https://i.scdn.co/image/ab67616d0000b273935d8d5369bc55e74a39303e,"['Future', 'Lil Uzi Vert']",0.931,0.667,0.667,142.039,-7.043
Young,1VCD7bvSOjhJYBcOzQguik,https://open.spotify.com/track/1VCD7bvSOjhJYBcOzQguik,https://i.scdn.co/image/ab67616d0000b2730d1f3930676c34a23dbf5c46,['Sam Smith'],0.657,0.19,0.406,118.421,-9.046
CUT EM IN (feat. Rick Ross),68wXv4DokvcOVNvuJ7FbWp,https://open.spotify.com/track/68wXv4DokvcOVNvuJ7FbWp,https://i.scdn.co/image/ab67616d0000b27397b0bf97840bf9ea631bfdb7,"['Anderson .Paak', 'Rick Ross']",0.744,0.777,0.813,158.052,-5.577
No Te Creo,4QSCkYRmv06vKZjXPoarXz,https://open.spotify.com/track/4QSCkYRmv06vKZjXPoarXz,https://i.scdn.co/image/ab67616d0000b2733926e048d839e1173fe17326,"['Rauw Alejandro', 'Wisin & Yandel', 'Mr. Naisgai']",0.762,0.892,0.514,179.971,-2.054
F&MU,24QjawKdGJmsAIVe3EhzGH,https://open.spotify.com/track/24QjawKdGJmsAIVe3EhzGH,https://i.scdn.co/image/ab67616d0000b2733ba8dc55c81f0aaf819057e9,['Kehlani'],0.717,0.597,0.44,77.048,-4.465
Can't Relate,7ueAzFpkUwrLePgFwEevFN,https://open.spotify.com/track/7ueAzFpkUwrLePgFwEevFN,https://i.scdn.co/image/ab67616d0000b273429d4b3d9261b9ccc24d7d36,['King Von'],0.87,0.764,0.252,155.988,-7.891
One Day The Only Butterflies Left Will Be In Your Chest As You March Towards Your Death (feat. Amy Lee),20Kau1BL5IUaPo4l488D57,https://open.spotify.com/track/20Kau1BL5IUaPo4l488D57,https://i.scdn.co/image/ab67616d0000b2735149c948fde506624246a684,"['Bring Me The Horizon', 'Amy Lee']",0.309,0.467,0.288,112.995,-8.574
Reaper's Child,7xqpOUezLTYW1zMNFqnBZs,https://open.spotify.com/track/7xqpOUezLTYW1zMNFqnBZs,https://i.scdn.co/image/ab67616d0000b2738bd6e34012a7ab6311050d0c,['YoungBoy Never Broke Again'],0.759,0.701,0.717,123.933,-4.861
Kobe En LA 2.0,7pWBRneiso1n8vdpn6mp8V,https://open.spotify.com/track/7pWBRneiso1n8vdpn6mp8V,https://i.scdn.co/image/ab67616d0000b27321ee2e52263690b0b2c80c2a,['Jhay Cortez'],0.45,0.637,0.261,96.015,-6.408
Ojos De Maniaco,52Cpyvd2dKb6XRn313nH87,https://open.spotify.com/track/52Cpyvd2dKb6XRn313nH87,https://i.scdn.co/image/ab67616d0000b27392430eb645e0c4201ce33079,"['LEGADO 7', 'Junior H']",0.795,0.585,0.934,97.479,-4.451
Sea Change,60tXDXk5K67J18XNgZ7JZt,https://open.spotify.com/track/60tXDXk5K67J18XNgZ7JZt,https://i.scdn.co/image/ab67616d0000b273568aef7b8b90677763012669,['Stephan Moccio'],0.458,0.00701,0.0939,118.444,-34.755
Lemonade - Remix,3gU7Pr1I4plN6QSxF6jFh3,https://open.spotify.com/track/3gU7Pr1I4plN6QSxF6jFh3,https://i.scdn.co/image/ab67616d0000b27394c0a1fd729e61f0f8216b51,"['Internet Money', 'Don Toliver', 'Roddy Ricch']",0.832,0.549,0.384,140.045,-8.259
lonely,3Rfre3qkrhwdZZ7dyznwbN,https://open.spotify.com/track/3Rfre3qkrhwdZZ7dyznwbN,https://i.scdn.co/image/ab67616d0000b2733bce14005c2001c8004208ff,['Machine Gun Kelly'],0.455,0.728,0.461,165.948,-6.62
RUNNING,6LRl4EPstQ6LyJmsltZoza,https://open.spotify.com/track/6LRl4EPstQ6LyJmsltZoza,https://i.scdn.co/image/ab67616d0000b273b4d59e6fa7e5e7cbc57ac33a,['The Kid LAROI'],0.438,0.585,0.313,100.834,-5.425
Mindreader,2qy1izuCE6TOacJO6hBHlO,https://open.spotify.com/track/2qy1izuCE6TOacJO6hBHlO,https://i.scdn.co/image/ab67616d0000b2733f7f0f240c170bb6a2e0d724,['A Day To Remember'],0.471,0.947,0.524,164.04,-3.062
Modest,2KuvxztaTuhjIdQrXMrmoN,https://open.spotify.com/track/2KuvxztaTuhjIdQrXMrmoN,https://i.scdn.co/image/ab67616d0000b27392621d7615b7f5d056f5bbfe,['NAV'],0.929,0.658,0.392,117.017,-5.792
6locc 6a6y (feat. NLE Choppa) - Remix,2F8SppeXgx401bQnOn07gg,https://open.spotify.com/track/2F8SppeXgx401bQnOn07gg,https://i.scdn.co/image/ab67616d0000b2739e3889f871a766f3bdd9fbc3,"['Lil Loaded', 'NLE Choppa']",0.862,0.673,0.801,125.101,-9.111
Power,6yKkkGw25k29PmdRPHO5vl,https://open.spotify.com/track/6yKkkGw25k29PmdRPHO5vl,https://i.scdn.co/image/ab67616d0000b273a45caaa02f9e7e2d5b27d11c,"['Kevin Gates', 'Dermot Kennedy']",0.591,0.616,0.322,125.99,-6.883
No Pressure Intro,41hwbZ1yF705MxJ7H9bwEu,https://open.spotify.com/track/41hwbZ1yF705MxJ7H9bwEu,https://i.scdn.co/image/ab67616d0000b2731c76e29153f29cc1e1b2b434,['Logic'],0.794,0.845,0.831,93.939,-6.118
What They'll Say About Us,4W1gUkq2TAOOFCBet3i3WR,https://open.spotify.com/track/4W1gUkq2TAOOFCBet3i3WR,https://i.scdn.co/image/ab67616d0000b2733bfed0974a996bfd87ea1c9a,['FINNEAS'],0.535,0.314,0.0663,145.095,-12.823
if i were u (with Lauv),2ttGfRawDPWlkAoXxP5Z72,https://open.spotify.com/track/2ttGfRawDPWlkAoXxP5Z72,https://i.scdn.co/image/ab67616d0000b273e9b6f26ff354f4d70847f02d,"['blackbear', 'Lauv']",0.666,0.628,0.767,82.992,-5.613
Off Season,3StBhEiBdQICzrGiaajy2M,https://open.spotify.com/track/3StBhEiBdQICzrGiaajy2M,https://i.scdn.co/image/ab67616d0000b2738bd6e34012a7ab6311050d0c,['YoungBoy Never Broke Again'],0.677,0.717,0.632,144.872,-6.056
"The Man, The Myth, The Legend - Interlude",4sjdZEEQvR1sXrRNSuBfbA,https://open.spotify.com/track/4sjdZEEQvR1sXrRNSuBfbA,https://i.scdn.co/image/ab67616d0000b2733e0698e4ae5ffb82a005aeeb,['Juice WRLD'],0.667,0.447,0.829,83.534,-14.625
Weight On Me,6A4hgJdwriera4WSUl4moW,https://open.spotify.com/track/6A4hgJdwriera4WSUl4moW,https://i.scdn.co/image/ab67616d0000b273ad8cc1fba73c2360ba0ff182,"['Sheff G', 'Sleepy Hallow']",0.801,0.533,0.626,121.959,-6.198
nothing inside (feat. iann dior),1eTdTVIxLlhHwwA50vEzZa,https://open.spotify.com/track/1eTdTVIxLlhHwwA50vEzZa,https://i.scdn.co/image/ab67616d0000b273d4d4929a3a86fe2f9fadbd42,"['Machine Gun Kelly', 'iann dior']",0.561,0.81,0.508,87.5,-4.754
Any song,1iIhGHzzrzqQfuNkFI2qAn,https://open.spotify.com/track/1iIhGHzzrzqQfuNkFI2qAn,https://i.scdn.co/image/ab67616d0000b2735f9608114e13bb4e5e6b0399,['ZICO'],0.874,0.787,0.896,108.007,-2.416
COOCHIE,5GYJ82Vbwx3iwqUrz5oqhp,https://open.spotify.com/track/5GYJ82Vbwx3iwqUrz5oqhp,https://i.scdn.co/image/ab67616d0000b27354918ec6f685a1f5f428d674,"['YN Jay', 'Louie Ray']",0.793,0.471,0.455,96.995,-12.393
Commander In Chief,3w6f34fBUXOvuko0Ihq7he,https://open.spotify.com/track/3w6f34fBUXOvuko0Ihq7he,https://i.scdn.co/image/ab67616d0000b273894a7186234022b95f2aed0e,['Demi Lovato'],0.496,0.502,0.144,78.042,-7.696
FREAK,0HIj0uo7zaFIpkzUIkDlmL,https://open.spotify.com/track/0HIj0uo7zaFIpkzUIkDlmL,https://i.scdn.co/image/ab67616d0000b2732bff8b7afd5b18cc2b09e73a,"['Tyga', 'Megan Thee Stallion']",0.933,0.556,0.504,106.01,-6.115
Wild Reputation,1ZyQEn0iceHj0Lbt6I6Op3,https://open.spotify.com/track/1ZyQEn0iceHj0Lbt6I6Op3,https://i.scdn.co/image/ab67616d0000b27304db0e3bcd166c1d6cfd81f9,['AC/DC'],0.737,0.709,0.839,108.016,-5.744
Keii,5eEQCfq7MXQr6aHLNRUZLs,https://open.spotify.com/track/5eEQCfq7MXQr6aHLNRUZLs,https://i.scdn.co/image/ab67616d0000b273fe37832c1ac8e106473b71f1,['Anuel AA'],0.708,0.797,0.51,88.015,-3.095
Leaders (feat. NAV),4D7NrSeqkTarBrJ80b2sBc,https://open.spotify.com/track/4D7NrSeqkTarBrJ80b2sBc,https://i.scdn.co/image/ab67616d0000b273e6f1756a5d6cf5beb8a0ab58,"['Lil Uzi Vert', 'NAV']",0.95,0.654,0.886,132.936,-5.895
Tattoo,4G3PTss3mU33Tau7t4KbwE,https://open.spotify.com/track/4G3PTss3mU33Tau7t4KbwE,https://i.scdn.co/image/ab67616d0000b2733926e048d839e1173fe17326,['Rauw Alejandro'],0.755,0.617,0.745,193.896,-5.144
For Me,5XMhppJhtgjkd2SYDklhR9,https://open.spotify.com/track/5XMhppJhtgjkd2SYDklhR9,https://i.scdn.co/image/ab67616d0000b273f07053a5993823b6a7eea591,"['CHASE B', 'OMB Bloodbath', 'KenTheMan']",0.904,0.498,0.145,132.992,-7.86
Surf,1kwnxJNVl7cwcU98RvMBaR,https://open.spotify.com/track/1kwnxJNVl7cwcU98RvMBaR,https://i.scdn.co/image/ab67616d0000b27326b7dd89810cc1a40ada642c,['Mac Miller'],0.828,0.182,0.231,147.279,-13.066
Good Day,12mkoefKYyN28KdSw6U7dK,https://open.spotify.com/track/12mkoefKYyN28KdSw6U7dK,https://i.scdn.co/image/ab67616d0000b273a5dcf4b4f2f09965643851d8,['iann dior'],0.715,0.64,0.444,82.465,-6.947
Reality Check,2p72O2JobPc9sVz520Hil5,https://open.spotify.com/track/2p72O2JobPc9sVz520Hil5,https://i.scdn.co/image/ab67616d0000b273baade413d4f73806405908f7,['Swae Lee'],0.542,0.434,0.0702,120.046,-11.17
Weeks,3d9P90Wha2beUBCOb6boQy,https://open.spotify.com/track/3d9P90Wha2beUBCOb6boQy,https://i.scdn.co/image/ab67616d0000b27347cbb2f9c1da3c6daff8654f,['Kevin Gates'],0.638,0.561,0.603,108.996,-3.743
Broken Love,6YF39hgvXdooA2B3bbgWT6,https://open.spotify.com/track/6YF39hgvXdooA2B3bbgWT6,https://i.scdn.co/image/ab67616d0000b27312d9e0eb53e981e0e2672240,"['MO3', 'Kevin Gates']",0.768,0.5,0.401,79.948,-7.217
WUNNA,0y7Ao3CVJsyKFmqdjutiIF,https://open.spotify.com/track/0y7Ao3CVJsyKFmqdjutiIF,https://i.scdn.co/image/ab67616d0000b2730c44c5aeade167d1266b915d,['Gunna'],0.89,0.455,0.313,148.009,-9
Thinking 'Bout You (feat. Lauren Alaina),6NebrV4ZigAoXIRbe11hxh,https://open.spotify.com/track/6NebrV4ZigAoXIRbe11hxh,https://i.scdn.co/image/ab67616d0000b27364d794492dd0ac2e023787a7,"['Dustin Lynch', 'Lauren Alaina']",0.394,0.747,0.776,203.918,-4.446
HIT EM WHERE IT HURTS,7888F1QWPTn4cPbuknNV4T,https://open.spotify.com/track/7888F1QWPTn4cPbuknNV4T,https://i.scdn.co/image/ab67616d0000b273239212cc0f6ff2bcee996985,['PawPaw Rod'],0.78,0.721,0.824,178.036,-6.371
Not Friendly,2le8xbpMJ1aA0SpJZRMbRw,https://open.spotify.com/track/2le8xbpMJ1aA0SpJZRMbRw,https://i.scdn.co/image/ab67616d0000b2733ae4c6b039dd0433a53631bb,['Flo Milli'],0.878,0.793,0.656,139.99,-4.744
B.I.T.C.H.,0xDUqQ3gVuhhjZnK9zXHwG,https://open.spotify.com/track/0xDUqQ3gVuhhjZnK9zXHwG,https://i.scdn.co/image/ab67616d0000b27320fbc17fcb9376bc76a1b510,['Megan Thee Stallion'],0.742,0.731,0.547,174.019,-4.362
Another One,61nXG1EGqF8a9OgRlCLSB4,https://open.spotify.com/track/61nXG1EGqF8a9OgRlCLSB4,https://i.scdn.co/image/ab67616d0000b2730d1f3930676c34a23dbf5c46,['Sam Smith'],0.497,0.618,0.223,123.305,-7.351
I'm Ready For You,1zmv0tPVWdbCuvBw90MYwO,https://open.spotify.com/track/1zmv0tPVWdbCuvBw90MYwO,https://i.scdn.co/image/ab67616d0000b273008d8077814ce15da0085b47,['Bryson Tiller'],0.741,0.64,0.893,179.095,-6.452
1 2 3 (feat. Blac Youngsta),27KSwBOQTjGWt2Fe8fNAwq,https://open.spotify.com/track/27KSwBOQTjGWt2Fe8fNAwq,https://i.scdn.co/image/ab67616d0000b273e48872ea797d4e20d2775f51,"['Moneybagg Yo', 'Blac Youngsta']",0.947,0.58,0.778,127.046,-7.635
One Too Many,5NUXE8W12lWcUXgJRCjeEw,https://open.spotify.com/track/5NUXE8W12lWcUXgJRCjeEw,https://i.scdn.co/image/ab67616d0000b273f2a428f109f825ec22c64656,"['Keith Urban', 'P!nk']",0.697,0.535,0.594,82.959,-6.504
Internet Ruined Me,2Q1s11otlyEtj80OgsqDFz,https://open.spotify.com/track/2Q1s11otlyEtj80OgsqDFz,https://i.scdn.co/image/ab67616d0000b2734f4c8f518deae32ede70d84d,['Wilbur Soot'],0.726,0.371,0.568,160.24,-14.008
No Man's Land,3fKXS93P7YOS4xEUnWzkUz,https://open.spotify.com/track/3fKXS93P7YOS4xEUnWzkUz,https://i.scdn.co/image/ab67616d0000b27304db0e3bcd166c1d6cfd81f9,['AC/DC'],0.49,0.905,0.537,94.988,-4.488
Mi Nena,4X9r5jOEmvl5Qr3ozFwTww,https://open.spotify.com/track/4X9r5jOEmvl5Qr3ozFwTww,https://i.scdn.co/image/ab67616d0000b273a180c7498433fae60469f6ca,['Nueva Conducta'],0.687,0.847,0.557,110.156,-7.593
Ganas Que Te Tengo,1sS5aMT5JWYSHwrTbxGGsn,https://open.spotify.com/track/1sS5aMT5JWYSHwrTbxGGsn,https://i.scdn.co/image/ab67616d0000b273ae8c49bd8fc80ac5f7241dd5,['Eslabon Armado'],0.527,0.58,0.737,183.117,-8.273
Train Wreck - Acoustic,043T1ZzD0qHoesyfZhseGn,https://open.spotify.com/track/043T1ZzD0qHoesyfZhseGn,https://i.scdn.co/image/ab67616d0000b273b63abc19cc0b78c17030db5f,['James Arthur'],0.529,0.364,0.384,75.024,-8.112
Dreamer,2rqagZl457R1ICa2fKVkds,https://open.spotify.com/track/2rqagZl457R1ICa2fKVkds,https://i.scdn.co/image/ab67616d0000b27363717bda2d33327bb1c6ac61,['Trippie Redd'],0.534,0.668,0.326,119.965,-4.55
Enchule,0S9ZVNTNRzLMgb96tmmG1u,https://open.spotify.com/track/0S9ZVNTNRzLMgb96tmmG1u,https://i.scdn.co/image/ab67616d0000b2733926e048d839e1173fe17326,['Rauw Alejandro'],0.761,0.668,0.578,90.043,-3.319
The Difference,1zQjzfgYp0ZDSsU1dxi5g8,https://open.spotify.com/track/1zQjzfgYp0ZDSsU1dxi5g8,https://i.scdn.co/image/ab67616d0000b273cb7a1b5f9b175e9caac3795b,['Tyler Rich'],0.535,0.749,0.705,169.778,-5.344
Next To You,4drTFbY9KJIvllrqVcJvLi,https://open.spotify.com/track/4drTFbY9KJIvllrqVcJvLi,https://i.scdn.co/image/ab67616d0000b2731b172ee4058bc492d0ce562d,['Little Big Town'],0.53,0.394,0.194,135.981,-8.152
Sunshine,4XVoOlgRCYC8yssdOBmLPF,https://open.spotify.com/track/4XVoOlgRCYC8yssdOBmLPF,https://i.scdn.co/image/ab67616d0000b2731ca32c26f7617ccd7d512664,['Young Dolph'],0.823,0.51,0.267,143.97,-7.153
Lie To Me,6g7zMYWe4QddND09Kh1WH0,https://open.spotify.com/track/6g7zMYWe4QddND09Kh1WH0,https://i.scdn.co/image/ab67616d0000b27369a7329efc0f924b4814e822,"['Queen Naija', 'Lil Durk']",0.52,0.719,0.663,173.19,-4.866
Rambo (Last Blood) (feat. The Weeknd),62itulOgU4flQFuI7f7JF8,https://open.spotify.com/track/62itulOgU4flQFuI7f7JF8,https://i.scdn.co/image/ab67616d0000b273f62cefefc39ba2cb384889f5,"['Bryson Tiller', 'The Weeknd']",0.508,0.686,0.4,181.333,-6.994
Nepenthe,0kKOC50fPTnqmrYvtJInsT,https://open.spotify.com/track/0kKOC50fPTnqmrYvtJInsT,https://i.scdn.co/image/ab67616d0000b273eeb91894fed2c00ebda94e40,['Clyde Boudreaux'],0.133,0.00512,0.0495,67.818,-33.295
Code Red,1nuPjx9gZH0aHZt8Q5Njx6,https://open.spotify.com/track/1nuPjx9gZH0aHZt8Q5Njx6,https://i.scdn.co/image/ab67616d0000b27304db0e3bcd166c1d6cfd81f9,['AC/DC'],0.549,0.731,0.622,86.239,-5.617
I Found You,3wYOGJYD31sLRmBgCvWxa4,https://open.spotify.com/track/3wYOGJYD31sLRmBgCvWxa4,https://i.scdn.co/image/ab67616d0000b273b99c3949da17440bece98b11,"['Cash Cash', 'Andy Grammer']",0.646,0.761,0.472,129.916,-2.557
Almighty Black Dollar (feat. Rick Ross),4mc8ngLyPUZDuSQ5FtQCCa,https://open.spotify.com/track/4mc8ngLyPUZDuSQ5FtQCCa,https://i.scdn.co/image/ab67616d0000b2735e28cf3d6a2d428f85ec399f,"['Jeezy', 'Rick Ross']",0.721,0.797,0.473,115.512,-5.113
MET GALA,4loM16743hROPC6uIJG6wM,https://open.spotify.com/track/4loM16743hROPC6uIJG6wM,https://i.scdn.co/image/ab67616d0000b2730c44c5aeade167d1266b915d,['Gunna'],0.873,0.577,0.956,117.089,-9.151
Spicy (feat. Fivio Foreign & A$AP Ferg),661wc0CTq5MbppEG6zYP5n,https://open.spotify.com/track/661wc0CTq5MbppEG6zYP5n,https://i.scdn.co/image/ab67616d0000b273cfae92bfa188457b4bee0055,"['Nas', 'Fivio Foreign', 'A$AP Ferg']",0.724,0.603,0.152,180.02,-6.553
Systems Down,1uhPCuhxeC9wEYl7smMByK,https://open.spotify.com/track/1uhPCuhxeC9wEYl7smMByK,https://i.scdn.co/image/ab67616d0000b27304db0e3bcd166c1d6cfd81f9,['AC/DC'],0.649,0.849,0.864,116.009,-4.502
Trying My Best,6hjh2phISvfR1Ib6S0FK7b,https://open.spotify.com/track/6hjh2phISvfR1Ib6S0FK7b,https://i.scdn.co/image/ab67616d0000b273e471b0b396a4dc0c0066d4f1,['Anson Seabra'],0.691,0.0682,0.352,76.94,-18.186
bloody valentine - Acoustic,0JX0AJ8kncF5iv8C42J1OU,https://open.spotify.com/track/0JX0AJ8kncF5iv8C42J1OU,https://i.scdn.co/image/ab67616d0000b273d2939e48fb657d72064ca699,"['Machine Gun Kelly', 'Travis Barker']",0.658,0.425,0.227,140.067,-6.621
Que Fue Lo Que Paso,3ewS8DYitFRgZBv9X4f7qZ,https://open.spotify.com/track/3ewS8DYitFRgZBv9X4f7qZ,https://i.scdn.co/image/ab67616d0000b2732c24b908663258f85aaf9f76,['Marca MP'],0.623,0.287,0.704,137.074,-9.885
Outro : Ego,2LVw2bIK99go1NdD77dUCW,https://open.spotify.com/track/2LVw2bIK99go1NdD77dUCW,https://i.scdn.co/image/ab67616d0000b273505190077497c230422f2934,['BTS'],0.808,0.903,0.473,116.988,-3.106
Gimme Love,0eF8TYM3rYzdS26URcs4U6,https://open.spotify.com/track/0eF8TYM3rYzdS26URcs4U6,https://i.scdn.co/image/ab67616d0000b273f733e50079838090eebc3fe4,['Joji'],0.484,0.632,0.0736,126.384,-6.917
Feed The Fire (feat. Lucky Daye),0XDA8IPloCFvf8c0ZNzRnB,https://open.spotify.com/track/0XDA8IPloCFvf8c0ZNzRnB,https://i.scdn.co/image/ab67616d0000b27324e02fc97dd7d653c3929961,"['SG Lewis', 'Lucky Daye']",0.849,0.682,0.928,121.997,-6.241
Money Shot,0l3jBCAEdeLR9OgQqES9CI,https://open.spotify.com/track/0l3jBCAEdeLR9OgQqES9CI,https://i.scdn.co/image/ab67616d0000b27304db0e3bcd166c1d6cfd81f9,['AC/DC'],0.628,0.83,0.767,120.004,-4.752
Mean,3PXi72ZtSqx1PZc40KS0Qj,https://open.spotify.com/track/3PXi72ZtSqx1PZc40KS0Qj,https://i.scdn.co/image/ab67616d0000b273c343fbd7aeb726a2c1e1bb97,"['$NOT', 'Flo Milli']",0.844,0.72,0.631,99.917,-7.418
Down Me,6to1tNRE8t1WuTSdvDnsmw,https://open.spotify.com/track/6to1tNRE8t1WuTSdvDnsmw,https://i.scdn.co/image/ab67616d0000b2738649220140846c7edf7f1978,"['King Von', 'Lil Durk']",0.775,0.657,0.439,180.035,-7.641
Last Time (feat. Snoh Aalegra),0RJD0uJykyJH6vFzz6ufaE,https://open.spotify.com/track/0RJD0uJykyJH6vFzz6ufaE,https://i.scdn.co/image/ab67616d0000b27395b3744a4e137e68051cf809,"['Giveon', 'Snoh Aalegra']",0.634,0.416,0.384,81.5,-8.507
IMPORTED (with 6LACK),2shEeQzAAL3nnOXfB5pJXx,https://open.spotify.com/track/2shEeQzAAL3nnOXfB5pJXx,https://i.scdn.co/image/ab67616d0000b2738e59b60132f8d99895ab4803,"['Jessie Reyez', '6LACK']",0.712,0.606,0.329,111.089,-4.262
Second Guessing - From Songland,08IV5RiD02METcqtfzDeqj,https://open.spotify.com/track/08IV5RiD02METcqtfzDeqj,https://i.scdn.co/image/ab67616d0000b27396886c18aa65dbbdba9cb598,['Florida Georgia Line'],0.547,0.511,0.256,137.87,-5.264
When We Shoot,07DsPAOXMabZ08EmaTr31C,https://open.spotify.com/track/07DsPAOXMabZ08EmaTr31C,https://i.scdn.co/image/ab67616d0000b273fec5f282565cc61622be8e04,['Lil Durk'],0.908,0.331,0.429,139.995,-12.706
WOW (feat. Sabrina Carpenter) - Remix,5WokFKscrfGEGGLPTu3jgO,https://open.spotify.com/track/5WokFKscrfGEGGLPTu3jgO,https://i.scdn.co/image/ab67616d0000b273bc73c01cd72be02b9b51c095,"['Zara Larsson', 'Sabrina Carpenter']",0.702,0.744,0.305,77.486,-4.063
worlds away,5fU3LU0QsjVb0p45wdEY5m,https://open.spotify.com/track/5fU3LU0QsjVb0p45wdEY5m,https://i.scdn.co/image/ab67616d0000b27342ddc1ea9a4e592d994bc014,['Lil Peep'],0.646,0.647,0.758,155.111,-4.476
Trap This Way (This Way),7vTspUAmMKFkUpKL9HLZNL,https://open.spotify.com/track/7vTspUAmMKFkUpKL9HLZNL,https://i.scdn.co/image/ab67616d0000b273e6f1756a5d6cf5beb8a0ab58,['Lil Uzi Vert'],0.71,0.586,0.207,175.987,-5.331
Cool,2nMOodYNHBAQ3Kc1QNimZU,https://open.spotify.com/track/2nMOodYNHBAQ3Kc1QNimZU,https://i.scdn.co/image/ab67616d0000b2734bc66095f8a70bc4e6593f4f,['Dua Lipa'],0.47,0.785,0.79,89.717,-4.015
Make It Rain (feat. Rowdy Rebel),71d7LaAgPcNcUopu3OzmP7,https://open.spotify.com/track/71d7LaAgPcNcUopu3OzmP7,https://i.scdn.co/image/ab67616d0000b27377ada0863603903f57b34369,"['Pop Smoke', 'Rowdy Rebel']",0.5,0.767,0.58,159.477,-4.105
What It Is,26rIWI1QTPClaOOI4Kbxhe,https://open.spotify.com/track/26rIWI1QTPClaOOI4Kbxhe,https://i.scdn.co/image/ab67616d0000b273b46b5fb6fdc6f5c720fcb183,['KYLE'],0.84,0.304,0.656,76.474,-6.52
Pretty Please,31Hawv3aezG8cfzEyuRLlG,https://open.spotify.com/track/31Hawv3aezG8cfzEyuRLlG,https://i.scdn.co/image/ab67616d0000b273e045f7aafdac8b9aa2e6efbc,"['Jackson Wang', 'Galantis']",0.686,0.867,0.691,126.068,-4.396
I Know The End,0pJW1Xw3aY4Eh6k5iuBkfI,https://open.spotify.com/track/0pJW1Xw3aY4Eh6k5iuBkfI,https://i.scdn.co/image/ab67616d0000b273a91b75c9ef65ed8d760ff600,['Phoebe Bridgers'],0.328,0.32,0.259,111.453,-10.282
Christmas Isn't Christmas,1EEwpVdtkxnixjlvNwi4o3,https://open.spotify.com/track/1EEwpVdtkxnixjlvNwi4o3,https://i.scdn.co/image/ab67616d0000b2738940553c91fdbeb11cd33530,['Dan + Shay'],0.42,0.466,0.362,78.787,-6.104
THE END,4w7vZjpsnpKizj7NE0Nuld,https://open.spotify.com/track/4w7vZjpsnpKizj7NE0Nuld,https://i.scdn.co/image/ab67616d0000b2735ec079dde31d5017713044fd,"['Alesso', 'Charlotte Lawrence']",0.639,0.711,0.605,102.95,-4.244
Let Me Know,0dJhXJKZTpiaxTUc7uItIN,https://open.spotify.com/track/0dJhXJKZTpiaxTUc7uItIN,https://i.scdn.co/image/ab67616d0000b2736a463f436bbf07f3c9e8c62a,['Brent Faiyaz'],0.743,0.548,0.558,85.017,-6.545
Caramelo,67jvGGbJmOmVonlyX3mNkV,https://open.spotify.com/track/67jvGGbJmOmVonlyX3mNkV,https://i.scdn.co/image/ab67616d0000b273b1717c201d31ad8e43dedc55,['Ozuna'],0.735,0.791,0.697,168.087,-4.462
A Letter To My Younger Self (feat. Logic),73681b7Hc0THHGZrSzl75y,https://open.spotify.com/track/73681b7Hc0THHGZrSzl75y,https://i.scdn.co/image/ab67616d0000b273f83dbc7461aefc08696811c0,"['Quinn XCII', 'Logic']",0.822,0.834,0.77,115.006,-2.879
Vibe (If I Back It Up),4gOgQTv9RYYFZ1uQNnlk3q,https://open.spotify.com/track/4gOgQTv9RYYFZ1uQNnlk3q,https://i.scdn.co/image/ab67616d0000b2738ef168a9577acef53ca8aeef,['Cookiee Kawaii'],0.778,0.576,0.155,80.027,-8.698
Ponte Pa' Mi,1dt2lHi5RCMPuxz4VxKYgi,https://open.spotify.com/track/1dt2lHi5RCMPuxz4VxKYgi,https://i.scdn.co/image/ab67616d0000b2733926e048d839e1173fe17326,"['Rauw Alejandro', 'Myke Towers', 'Sky Rompiendo']",0.809,0.624,0.629,85.011,-4.963
Zombie (Live from the NIVA Save Our Stages Festival),0olaaJrCBTMJJvqPdvNpsx,https://open.spotify.com/track/0olaaJrCBTMJJvqPdvNpsx,https://i.scdn.co/image/ab67616d0000b2738cffb7c6c40759eaf8a5a142,['Miley Cyrus'],0.407,0.872,0.323,164,-5.001
Tattoo - Remix with Camilo,4G3PTss3mU33Tau7t4KbwE,https://open.spotify.com/track/4G3PTss3mU33Tau7t4KbwE,https://i.scdn.co/image/ab67616d0000b2733926e048d839e1173fe17326,"['Rauw Alejandro', 'Camilo']",0.721,0.637,0.691,193.922,-5.134
West Coast (feat. Quinn XCII),4VZlXx05loUmppWMqHFzt1,https://open.spotify.com/track/4VZlXx05loUmppWMqHFzt1,https://i.scdn.co/image/ab67616d0000b273e611ab053d5d10a66fb69f51,"['DVBBS', 'Quinn XCII']",0.714,0.798,0.659,119.017,-4.239
Red Eye,3qHgGyJY4GpXNOK4WL4NSo,https://open.spotify.com/track/3qHgGyJY4GpXNOK4WL4NSo,https://i.scdn.co/image/ab67616d0000b2734a334652028d6ab93ed8346b,['YoungBoy Never Broke Again'],0.485,0.814,0.327,159.894,-3.907
Heather - Spotify Singles,2GSLoT7abyYGchSSDCpWEI,https://open.spotify.com/track/2GSLoT7abyYGchSSDCpWEI,https://i.scdn.co/image/ab67616d0000b2732cf3f3669e1208952c9de212,['Tate McRae'],0.569,0.271,0.352,91.888,-10.969
Trials & Tribulations,6V1Jx3o0S2MtBI9yIDXsJS,https://open.spotify.com/track/6V1Jx3o0S2MtBI9yIDXsJS,https://i.scdn.co/image/ab67616d0000b273339f780dfdbc38558ea0761d,['Polo G'],0.796,0.612,0.545,87.542,-6.994
Springtime,0TmYlHDVP4gUTkUbl7AIsv,https://open.spotify.com/track/0TmYlHDVP4gUTkUbl7AIsv,https://i.scdn.co/image/ab67616d0000b273d639344088511ec53b8b0bca,['Chris Renzema'],0.292,0.355,0.158,71.041,-7.225
La Playa - Remix,70zg99pT51vB4wlMS7e4q7,https://open.spotify.com/track/70zg99pT51vB4wlMS7e4q7,https://i.scdn.co/image/ab67616d0000b2730fe132fad23865f9a7626c25,"['Myke Towers', 'Maluma', 'Farruko']",0.775,0.633,0.394,140.008,-3.332
Address It,1FgPyHX7HruKDL4Tx4MeZB,https://open.spotify.com/track/1FgPyHX7HruKDL4Tx4MeZB,https://i.scdn.co/image/ab67616d0000b273db2adcee24a6518632379d53,['LPB Poody'],0.903,0.611,0.329,94.525,-8.006
Summertime The Gershwin Version,25Mld9UGdMqXYDU2x8l3ld,https://open.spotify.com/track/25Mld9UGdMqXYDU2x8l3ld,https://i.scdn.co/image/ab67616d0000b27392587d1a7a5764d86bf816d2,['Lana Del Rey'],0.234,0.114,0.21,189.986,-19.136
7.62 God,4AqF2ck3poQOxxKLa8WkYT,https://open.spotify.com/track/4AqF2ck3poQOxxKLa8WkYT,https://i.scdn.co/image/ab67616d0000b273acd0cbaf6a9e381f88525064,['Pooh Shiesty'],0.819,0.651,0.522,77.013,-5.859
Like Gold,5seWZTjT0U8a7cy3Y5NJQ9,https://open.spotify.com/track/5seWZTjT0U8a7cy3Y5NJQ9,https://i.scdn.co/image/ab67616d0000b273276c4f1eff77725df09ae46e,"['Loud Luxury', 'Frank Walker', 'Stephen Puth']",0.759,0.845,0.694,124,-6.794
I Don't Think I'm Okay,0PUkanqCGTb6qseXPKOw1F,https://open.spotify.com/track/0PUkanqCGTb6qseXPKOw1F,https://i.scdn.co/image/ab67616d0000b2736bbd6589349e2bab2ce3f38b,['Bazzi'],0.445,0.33,0.187,128.025,-8.121
Timeless Interlude,6Iw6fQVKZi0fWtEQBrTFcP,https://open.spotify.com/track/6Iw6fQVKZi0fWtEQBrTFcP,https://i.scdn.co/image/ab67616d0000b273008d8077814ce15da0085b47,['Bryson Tiller'],0.467,0.429,0.24,148.53,-8.689
Soda (feat. Take A Daytrip),6FEZld2dq54j1NRrkoV6ld,https://open.spotify.com/track/6FEZld2dq54j1NRrkoV6ld,https://i.scdn.co/image/ab67616d0000b27362700bbd5fe234b42d40b63c,"['DJ Scheme', 'Cordae', 'Ski Mask The Slump God', 'Take A Daytrip']",0.917,0.569,0.907,144.014,-10.456
Sunblind,308prODCCD0O660tIktbUi,https://open.spotify.com/track/308prODCCD0O660tIktbUi,https://i.scdn.co/image/ab67616d0000b2734908c0ea9f3884cee21e85c1,['Fleet Foxes'],0.562,0.686,0.466,103.054,-8.48
We Contain Multitudes (from home),13MOQ6oQqkrZEDkZOHukCw,https://open.spotify.com/track/13MOQ6oQqkrZEDkZOHukCw,https://i.scdn.co/image/ab67616d0000b2731c8da94268a1766d0b0b5238,['??lafur Arnalds'],0.281,0.0333,0.169,90.25,-31.46
NASTY GIRL / ON CAMERA,2f8y4CuG57UJEmkG3ujd0D,https://open.spotify.com/track/2f8y4CuG57UJEmkG3ujd0D,https://i.scdn.co/image/ab67616d0000b2730c44c5aeade167d1266b915d,['Gunna'],0.598,0.472,0.522,120.08,-10.991
China,2ksOAxtIxY8yElEWw8RhgK,https://open.spotify.com/track/2ksOAxtIxY8yElEWw8RhgK,https://i.scdn.co/image/ab67616d0000b2735fa6dc9fc261344044c301a9,"['Anuel AA', 'Daddy Yankee', 'KAROL G', 'Ozuna', 'J Balvin']",0.786,0.808,0.608,105.029,-3.702
Halloweenie III: Seven Days,0OStKKAuXlxA0fMH54Qs6E,https://open.spotify.com/track/0OStKKAuXlxA0fMH54Qs6E,https://i.scdn.co/image/ab67616d0000b27398e944cf78334c9f181ef918,['Ashnikko'],0.717,0.753,0.734,137.936,-6.02
AYA,4BZXVFYCb76Q0Klojq4piV,https://open.spotify.com/track/4BZXVFYCb76Q0Klojq4piV,https://i.scdn.co/image/ab67616d0000b2731cc469da4da1bccfa16867be,['MAMAMOO'],0.634,0.858,0.637,91.688,-2.226
Darkness,5SiZJoLXp3WOl3J4C8IK0d,https://open.spotify.com/track/5SiZJoLXp3WOl3J4C8IK0d,https://i.scdn.co/image/ab67616d0000b2732f44aec83b20e40f3baef73c,['Eminem'],0.671,0.623,0.195,75.055,-7.161
Billetes Azules (with J Balvin),7HmnJHfs0BkFzX4x8j0hkl,https://open.spotify.com/track/7HmnJHfs0BkFzX4x8j0hkl,https://i.scdn.co/image/ab67616d0000b27373e4a8e7d4b6fed219eddd5a,"['KEVVO', 'J Balvin']",0.856,0.721,0.642,94.991,-4.928
